Figure,Module,Title EN,Title AR,Type,Creator,Scientific source,Pages,Local file,Data file,Licence/permission,Alt text EN,Alt text AR,Verification
1,1,Reduced van der Waals isotherms and the critical point,متساويات حرارة فان دير فالس المختزلة والنقطة الحرجة,theoretical graph,Original course asset,Chang & Thoman [1],1–34,assets/figures/fig01_vdw_isotherms.svg,assets/data/fig01_vdw_isotherms.csv,Original educational asset; no third-party visual reproduced,"Reduced pressure versus reduced molar volume at three temperatures with critical point at one, one.",الضغط المختزل مقابل الحجم المختزل عند ثلاث درجات حرارة مع النقطة الحرجة عند واحد وواحد.,Verified for use
2,2,Maxwell speed distribution and temperature,توزيع ماكسويل للسرعات وتأثير الحرارة,calculated theoretical graph,Original course asset,Chang & Thoman [1],35–72,assets/figures/fig02_maxwell.svg,assets/data/fig02_maxwell.csv,Original educational asset; no third-party visual reproduced,"Three nitrogen speed distributions at 200, 300, and 600 kelvin; peaks shift right and broaden with temperature.",ثلاثة توزيعات سرعات للنيتروجين عند 200 و300 و600 كلفن؛ تتحرك القمم يميناً وتتسع مع الحرارة.,Verified for use
3,3,Pressure–volume paths and boundary work,مسارات الضغط–الحجم وشغل الحدود,idealized theoretical graph,Original course asset,Chang & Thoman [1],73–128,assets/figures/fig03_pv_work.svg,assets/data/fig03_pv_work.csv,Original educational asset; no third-party visual reproduced,Pressure-volume curves comparing isothermal and adiabatic expansion.,منحنيات ضغط–حجم تقارن التمدد المتساوي الحرارة بالتمدد الأديباتي.,Verified for use
4,4,Carnot cycle and entropy transfer,دورة كارنو وانتقال الإنتروبيا,conceptual thermodynamic diagram,Original course asset,Chang & Thoman [1],129–174,assets/figures/fig04_carnot_ts.svg,N/A,Original educational asset; no third-party visual reproduced,Rectangular Carnot cycle on temperature-entropy coordinates between 600 and 300 kelvin.,دورة كارنو مستطيلة على إحداثيات الحرارة–الإنتروبيا بين 600 و300 كلفن.,Verified for use
5,5,One-component phase equilibria,اتزانات الأطوار لمكوّن واحد,conceptual phase diagram,Original course asset,Chang & Thoman [1],175–212,assets/figures/fig05_phase_diagram.svg,N/A,Original educational asset; no third-party visual reproduced,"Schematic pressure-temperature phase diagram showing solid, liquid, vapour, triple point, and critical point.",مخطط ضغط–حرارة تخطيطي يوضح الصلب والسائل والبخار والنقطة الثلاثية والحرجة.,Verified for use
6,6,Raoult-law bubble and dew curves,منحنيات الفقاع والندى لقانون راؤولت,calculated ideal-solution graph,Original course asset,Chang & Thoman [1],213–260,assets/figures/fig06_raoult.svg,assets/data/fig06_raoult.csv,Original educational asset; no third-party visual reproduced,Pressure-composition diagram for an ideal binary mixture with pure vapour pressures 100 and 40 kilopascals.,مخطط ضغط–تركيب لمزيج ثنائي مثالي بضغطَي بخار نقيين 100 و40 كيلوباسكال.,Verified for use
7,7,Activity coefficients at low ionic strength,معاملات النشاط عند القوة الأيونية المنخفضة,calculated limiting-law graph,Original course asset,Chang & Thoman [1],261–304,assets/figures/fig07_debye_huckel.svg,assets/data/fig07_debye_huckel.csv,Original educational asset; no third-party visual reproduced,Log activity coefficient decreases linearly with square root ionic strength; divalent ions have a steeper line.,ينخفض لوغاريتم معامل النشاط خطياً مع جذر القوة الأيونية ويكون خط الأيون الثنائي أشد ميلاً.,Verified for use
8,8,"Reaction quotient, Gibbs energy, and equilibrium",حاصل التفاعل وطاقة غيبس والاتزان,theoretical graph,Original course asset,Chang & Thoman [1],305–350,assets/figures/fig08_equilibrium_q.svg,assets/data/fig08_equilibrium_q.csv,Original educational asset; no third-party visual reproduced,Dimensionless reaction Gibbs energy crosses zero when Q equals K.,طاقة غيبس التفاعلية اللابعدية تعبر الصفر عندما يساوي Q قيمة K.,Verified for use
9,9,Galvanic cell: electron and ion pathways,خلية جلفانية: مسارا الإلكترونات والأيونات,original schematic,Original course asset,Chang & Thoman [1],351–382,assets/figures/fig09_cell.svg,N/A,Original educational asset; no third-party visual reproduced,"Zinc-copper galvanic cell with two electrodes, salt bridge, external wire, voltmeter, and electron flow.",خلية جلفانية زنك–نحاس مع قطبين وجسر ملحي ودائرة خارجية وفولتميتر وتدفق الإلكترونات.,Verified for use
10,10,Quantized box energies and stationary waves,طاقات الصندوق المكمّاة والموجات الساكنة,calculated quantum model,Original course asset,Chang & Thoman [1],383–446,assets/figures/fig10_box.svg,assets/data/fig10_box.csv,Original educational asset; no third-party visual reproduced,First three sine wavefunctions displayed at energies proportional to n squared in an infinite one-dimensional box.,الدوال الموجية الجيبية الثلاث الأولى مع طاقات تتناسب مع مربع n في صندوق لا نهائي أحادي البعد.,Verified for use
11,11,Rotational and vibrational spectroscopic ladders,سلالم الطاقة الدورانية والاهتزازية الطيفية,original energy-level schematic,Original course asset,Chang & Thoman [1],447–502,assets/figures/fig11_levels.svg,N/A,Original educational asset; no third-party visual reproduced,"Rotational levels with increasing spacing and harmonic vibrational levels with equal spacing, each with an upward transition arrow.",مستويات دورانية متزايدة التباعد ومستويات اهتزازية توافقية متساوية التباعد مع سهم انتقال صاعد.,Verified for use
12,12,Hydrogen radial probability and nodes,الاحتمال الشعاعي للهيدروجين والعقد,calculated quantum graph,Original course asset,Chang & Thoman [1],503–556,assets/figures/fig12_radial.svg,assets/data/fig12_radial.csv,Original educational asset; no third-party visual reproduced,"Scaled radial probability for hydrogen 1s and 2s, with a radial node in the 2s distribution.",احتمال شعاعي مقياس للهيدروجين 1s و2s مع عقدة شعاعية في توزيع 2s.,Verified for use
13,13,Bonding and antibonding molecular orbitals,المدارات الجزيئية الرابطة والمضادة للرابطة,original molecular-orbital schematic,Original course asset,Chang & Thoman [1],557–610,assets/figures/fig13_mo.svg,N/A,Original educational asset; no third-party visual reproduced,"Two atomic orbitals combine into lower bonding and higher antibonding molecular orbitals, with two electrons in the bonding level.",مداران ذريان يتحدان إلى مدار جزيئي رابط منخفض ومضاد للرابطة مرتفع مع إلكترونين في المستوى الرابط.,Verified for use
14,14,Jablonski diagram for electronic relaxation,مخطط جابلونسكي للاسترخاء الإلكتروني,original photophysical schematic,Original course asset,Chang & Thoman [1],611–670,assets/figures/fig14_jablonski.svg,N/A,Original educational asset; no third-party visual reproduced,"Electronic state diagram with absorption, internal conversion, fluorescence, intersystem crossing, and phosphorescence.",مخطط حالات إلكترونية مع الامتصاص والتحول الداخلي والفلورية والعبور بين الأنظمة والفسفورية.,Verified for use
15,15,Arrhenius plot and activation energy,مخطط أرينيوس وطاقة التنشيط,calculated kinetic graph,Original course asset,Chang & Thoman [1],671–742,assets/figures/fig15_arrhenius.svg,assets/data/fig15_arrhenius.csv,Original educational asset; no third-party visual reproduced,Straight line of ln k versus reciprocal temperature for a model with activation energy 50 kilojoules per mole.,خط مستقيم لـln k مقابل مقلوب الحرارة لنموذج بطاقة تنشيط 50 كيلوجول لكل مول.,Verified for use
16,16,Formation and photolysis of stratospheric ozone,تكوّن الأوزون الستراتوسفيري وتحلله الضوئي,original reaction-cycle schematic,Original course asset,Chang & Thoman [1],743–778,assets/figures/fig16_ozone.svg,N/A,Original educational asset; no third-party visual reproduced,"Cycle linking oxygen molecule, oxygen atom, and ozone through photolysis and recombination.",دورة تربط جزيء الأكسجين وذرة الأكسجين والأوزون عبر التحلل الضوئي وإعادة الاتحاد.,Verified for use
17,17,"Repulsion, attraction, and the Lennard–Jones minimum",التنافر والتجاذب وقاع جهد لينارد–جونز,theoretical pair-potential graph,Original course asset,Chang & Thoman [1],779–808,assets/figures/fig17_lj.svg,assets/data/fig17_lj.csv,Original educational asset; no third-party visual reproduced,"Lennard-Jones potential with steep short-range repulsion, negative minimum, and long-range approach to zero.",جهد لينارد–جونز بتنافر حاد قصير المدى وقيمة صغرى سالبة واقتراب بعيد المدى من الصفر.,Verified for use
18,18,Bragg diffraction from parallel lattice planes,حيود براج من مستويات شبكية متوازية,original diffraction-geometry schematic,Original course asset,Chang & Thoman [1],809–842,assets/figures/fig18_bragg.svg,N/A,Original educational asset; no third-party visual reproduced,Two crystal planes and two rays showing interplanar spacing d and angle theta for the Bragg condition.,مستويان بلوريان وشعاعان يوضحان المسافة d والزاوية ثيتا لشرط براج.,Verified for use
19,19,Fickian diffusion broadens concentration gradients,الانتشار الفيكي يوسّع تدرجات التركيز,calculated diffusion-model graph,Original course asset,Chang & Thoman [1],843–874,assets/figures/fig19_diffusion.svg,assets/data/fig19_diffusion.csv,Original educational asset; no third-party visual reproduced,Three concentration profiles broaden with increasing scaled diffusion time.,ثلاثة منحنيات تركيز تتسع مع زيادة الزمن الانتشاري المقياس.,Verified for use
20,20,Thermal population of a two-level system,السكان الحراري لنظام ثنائي المستويات,calculated statistical graph,Original course asset,Chang & Thoman [1],875–906,assets/figures/fig20_boltzmann.svg,assets/data/fig20_boltzmann.csv,Original educational asset; no third-party visual reproduced,Ground and excited population fractions versus temperature for a five kilojoule per mole gap.,كسرا سكان الحالة الأرضية والمثارة مقابل الحرارة لفجوة خمسة كيلوجول لكل مول.,Verified for use
I2,2,Interactive Maxwell speed distribution,توزيع ماكسويل التفاعلي للسرعات,Interactive calculated graph,Original course asset,Chang & Thoman [1],35–72,Embedded HTML canvas / assets/app.js,Calculated client-side from cited equation,Original educational asset; no third-party visual reproduced,Interactive Maxwell speed distribution for nitrogen as temperature changes,توزيع ماكسويل التفاعلي لسرعات النيتروجين مع تغير درجة الحرارة,Verified for use
I10,10,Interactive particle in a box,جسيم تفاعلي في صندوق,Interactive calculated quantum graph,Original course asset,Chang & Thoman [1],383–446,Embedded HTML canvas / assets/app.js,Calculated client-side from cited equation,Original educational asset; no third-party visual reproduced,Interactive one-dimensional particle-in-a-box wavefunction,دالة موجة تفاعلية لجسيم أحادي البعد في صندوق,Verified for use
I20,20,Interactive two-level Boltzmann populations,سكان بولتزمان التفاعليون لنظام ثنائي المستويات,Interactive calculated statistical graph,Original course asset,Chang & Thoman [1],875–906,Embedded HTML canvas / assets/app.js,Calculated client-side from cited equation,Original educational asset; no third-party visual reproduced,Interactive two-level Boltzmann population graph,رسم تفاعلي لسكان بولتزمان في نظام ثنائي المستويات,Verified for use
