T_K,speed_m_s,density
200,0.0,0.0
200,30.060120240480963,4.947302312382299e-05
200,60.120240480961925,0.0001934247016443976
200,90.18036072144288,0.0004189545826901472
200,120.24048096192385,0.0007061645414662111
200,150.3006012024048,0.0010303301709348592
200,180.36072144288576,0.0013645152406918438
200,210.42084168336672,0.0016822883910887082
200,240.4809619238477,0.0019602064618971533
200,270.54108216432866,0.002179783358217081
200,300.6012024048096,0.0023287548987818863
200,330.66132264529057,0.0024015609664412574
200,360.7214428857715,0.0023990770651460824
200,390.7815631262525,0.0023277207019860506
200,420.84168336673343,0.0021981214791477193
200,450.9018036072144,0.002023571655748746
200,480.9619238476954,0.001818467242725598
200,511.02204408817636,0.001596915012540673
200,541.0821643286573,0.0013716282201263546
200,571.1422845691383,0.0011531745276415874
200,601.2024048096192,0.0009495837280898514
200,631.2625250501002,0.0007662778863070498
200,661.3226452905811,0.0006062566171542223
200,691.3827655310621,0.00047045623205438445
200,721.442885771543,0.0003582015473797735
200,751.503006012024,0.0002676796824567252
200,781.563126252505,0.00019638191944471026
200,811.6232464929859,0.00014147859654810825
200,841.6833667334669,0.00010010982082846405
200,871.7434869739478,6.958938854542164e-05
200,901.8036072144288,4.752968478860144e-05
200,931.8637274549097,3.190143425243966e-05
200,961.9238476953908,2.1044575557789675e-05
200,991.9839679358718,1.3646160780651242e-05
200,1022.0440881763527,8.69904995010269e-06
200,1052.1042084168337,5.452183475393539e-06
200,1082.1643286573146,3.3600733228808908e-06
200,1112.2244488977956,2.036317892896129e-06
200,1142.2845691382765,1.2136590404710212e-06
200,1172.3446893787575,7.11434768077797e-07
200,1202.4048096192384,4.101958102081212e-07
200,1232.4649298597194,2.3264478058238187e-07
200,1262.5250501002004,1.2979786235347475e-07
200,1292.5851703406813,7.124234830156741e-08
200,1322.6452905811623,3.847051680513349e-08
200,1352.7054108216432,2.0438924725665726e-08
200,1382.7655310621242,1.0684348016926165e-08
200,1412.8256513026051,5.495616521144094e-09
200,1442.885771543086,2.7815093119587516e-09
200,1472.945891783567,1.385340525949391e-09
300,0.0,0.0
300,30.060120240480963,2.6998112003559484e-05
300,60.120240480961925,0.0001063609928380231
300,90.18036072144288,0.00023331709571031766
300,120.24048096192385,0.0004003117708766129
300,150.3006012024048,0.0005975653078965615
300,180.36072144288576,0.000813780956449152
300,210.42084168336672,0.0010369395051367887
300,240.4809619238477,0.0012551114671398673
300,270.54108216432866,0.001457219552399079
300,300.6012024048096,0.0016336923777175271
300,330.66132264529057,0.0017769639997622174
300,360.7214428857715,0.0018817910202545659
300,390.7815631262525,0.0019453775931664804
300,420.84168336673343,0.001967316550566878
300,450.9018036072144,0.0019493702156735035
300,480.9619238476954,0.0018951259205051767
300,511.02204408817636,0.0018095680172903557
300,541.0821643286573,0.0016986101167654698
300,571.1422845691383,0.0015686288187260098
300,601.2024048096192,0.0014260341794718717
300,631.2625250501002,0.0012769037233768994
300,661.3226452905811,0.0011266971875494478
300,691.3827655310621,0.0009800595608751355
300,721.442885771543,0.0008407113190706255
300,751.503006012024,0.0007114177660545898
300,781.563126252505,0.0005940244589829078
300,811.6232464929859,0.0004895429116390897
300,841.6833667334669,0.00039826997982846547
300,871.7434869739478,0.0003199251930897744
300,901.8036072144288,0.00025379236590137005
300,931.8637274549097,0.00019885462526590412
300,961.9238476953908,0.0001539150878916364
300,991.9839679358718,0.00011769844116612853
300,1022.0440881763527,8.893135773961375e-05
300,1052.1042084168337,6.640183779702248e-05
300,1082.1643286573146,4.8999155911828264e-05
300,1112.2244488977956,3.573709906805899e-05
300,1142.2845691382765,2.576368356223455e-05
300,1172.3446893787575,1.8360629066780932e-05
300,1202.4048096192384,1.2935659324698144e-05
300,1232.4649298597194,9.010299117306197e-06
300,1262.5250501002004,6.205340952233272e-06
300,1292.5851703406813,4.2256372897432594e-06
300,1322.6452905811623,2.8453884206988863e-06
300,1352.7054108216432,1.8946753304209382e-06
300,1382.7655310621242,1.2476468277000023e-06
300,1412.8256513026051,8.125135532837594e-07
300,1442.885771543086,5.233219273255458e-07
300,1472.945891783567,3.3336717987193546e-07
600,0.0,0.0
600,30.060120240480963,9.569521777713402e-06
600,60.120240480961925,3.798785089908306e-05
600,90.18036072144288,8.439526347741879e-05
600,120.24048096192385,0.00014739498569491715
600,150.3006012024048,0.0002251055642593914
600,180.36072144288576,0.00031523073124635454
600,210.42084168336672,0.00041514354353614554
600,240.4809619238477,0.0005219809740626606
600,270.54108216432866,0.0006327447378700298
600,300.6012024048096,0.0007444039674849867
600,330.66132264529057,0.0008539954121866289
600,360.7214428857715,0.0009587171133242363
600,390.7815631262525,0.001056011979126578
600,420.84168336673343,0.0011436383130257037
600,450.9018036072144,0.0012197250969781391
600,480.9619238476954,0.0012828106483562438
600,511.02204408817636,0.00133186410690978
600,541.0821643286573,0.001366290019953149
600,571.1422845691383,0.00138591703680577
600,601.2024048096192,0.0013909723620975757
600,631.2625250501002,0.0013820441251132234
600,661.3226452905811,0.0013600341819521298
600,691.3827655310621,0.0013261040720732964
600,721.442885771543,0.0012816169035747857
600,751.503006012024,0.0012280778537376881
600,781.563126252505,0.0011670757614320522
600,811.6232464929859,0.0011002279796446938
600,841.6833667334669,0.0010291302765490535
600,871.7434869739478,0.0009553131502712555
600,901.8036072144288,0.0008802054831846753
600,931.8637274549097,0.0008051060312368704
600,961.9238476953908,0.0007311628439365879
600,991.9839679358718,0.0006593603582000487
600,1022.0440881763527,0.0005905136163392606
600,1052.1042084168337,0.0005252688321257203
600,1082.1643286573146,0.00046410937138665487
600,1112.2244488977956,0.0004073661230821818
600,1142.2845691382765,0.00035523120788671876
600,1172.3446893787575,0.0003077739959471697
600,1202.4048096192384,0.0002649584739704271
600,1232.4649298597194,0.00022666110349042835
600,1262.5250501002004,0.00019268843637771586
600,1292.5851703406813,0.00016279389024685814
600,1322.6452905811623,0.0001366932263293193
600,1352.7054108216432,0.00011407840797775634
600,1382.7655310621242,9.462964324161227e-05
600,1412.8256513026051,7.802552557267895e-05
600,1442.885771543086,6.395127997227967e-05
600,1472.945891783567,5.210519653602592e-05
